Model,MAE,RMSE,R²,Directional_Accuracy
RandomForest,0.00643936720240332,0.008401661157742539,-0.10681751932777339,0.4589178356713427
XGBoost,0.0065871521866036125,0.008525512662051735,-0.1396899213782854,0.4248496993987976
Ensemble_Avg,0.006498837820559074,0.008425917486275684,-0.1132177023775287,0.43286573146292584
