Model,MAE,RMSE,R²,Directional_Accuracy
LR_SPY_Only,0.0061543201546792,0.0080346679837829,-0.012235514320237,0.4589178356713427
LR_SPY_Lagged,0.0061559174555239,0.0080659330193124,-0.0201285981336187,0.4729458917835671
LR_SPY_VIX,0.006416290605597,0.0082214437219349,-0.0598438321479706,0.4428857715430861
RandomForest,0.00643936720240332,0.008401661157742539,-0.10681751932777339,0.4589178356713427
XGBoost,0.0065871521866036125,0.008525512662051735,-0.1396899213782854,0.4248496993987976
Ensemble_Avg,0.006498837820559074,0.008425917486275684,-0.1132177023775287,0.43286573146292584
